days,seed,converged,optimizer_iterations,A_rmse,B_rmse,Q_rmse,R_rmse,total_parameter_rmse,open_loop_observation_rmse,spectral_radius,log_likelihood
30,42,True,168,0.7448325670486499,6.457872458485454,1.4021753867566218,0.6057791788378447,0.3269452518943574,0.29056363320419626,0.5996419949452924,7.8837969384469115
30,43,True,208,0.6525426632092165,2.0564311893229785,3.15212941695888,0.8080580957366928,0.19746277851999336,0.3078952117485714,0.857096932294514,-0.4386091783031746
30,44,True,258,0.18882797712606866,2.363418061053299,0.772458061902376,0.19438635870524923,0.10679040513378744,0.24367365250254996,0.8551472624225691,3.339119907026483
30,45,True,207,0.2759630145171259,2.099385008384093,0.9996043336903006,0.4008038217017059,0.11250659784984347,0.2508438304887254,0.8750588220469184,1.4987642139810151
30,46,True,405,0.847542223675546,3.3408826056121876,2.546108541423802,0.8261641331184306,0.2679663700055728,0.2707102743870934,0.6905623747139229,2.031294957918046
60,42,True,350,0.29846685332137707,1.8265589265396454,0.9997731424675049,0.18436654628489635,0.10925153627435066,0.2402734187595444,0.8281199501341863,11.193618386728122
60,43,True,270,0.3154819382767516,1.22602738279331,3.3429733339860057,0.7149952913406037,0.10061668045663619,0.28491951205889543,0.9058817240250147,-2.0946722013827603
60,44,True,372,0.0725019857728683,1.4429336269676207,0.7086507290171348,0.09089678917158356,0.060395190891026324,0.2323083569630211,0.8431314685822463,15.276639505226617
60,45,True,267,0.9628018193271806,1.8164018360776613,0.9732567110344695,0.3157644522001213,0.27402287772889383,0.26249142542754916,0.6551195913126571,5.888967697100926
60,46,True,430,0.3353044896938139,1.5073884762702852,0.9981167219320045,0.19053704554882636,0.10972813980652171,0.20972099907281372,0.8983641752453676,20.15245763636955
100,42,True,373,0.09559130913819848,2.4325862065522252,0.7093278106624581,0.4231132690320814,0.0997579118303799,0.2887711480723174,0.8413023655791522,-3.46034407099235
100,43,True,141,0.07861296852150196,1.0443785393139884,0.278636113135284,0.19799694536950416,0.04663251144258352,0.274690928022091,0.7482916738275595,-3.9590908995092167
100,44,True,594,0.2289926863718823,1.3341268824741053,0.8969527317619131,0.485396381195266,0.08241249546475206,0.26234807401335075,0.8497906970525493,-4.205264241455361
100,45,True,136,0.08005573499020452,1.0304660595007777,0.5735395680368784,0.21845143247154034,0.04639445065818331,0.25637052045906167,0.7458185777955962,1.6775449808643872
100,46,True,271,0.2467225834986724,0.9490690200779935,3.0578807645033868,0.7747126150273933,0.07914789021688919,0.25562515188623264,0.7731129586699149,5.42253939472537
180,42,True,247,0.11819347715064916,1.5152638583215927,0.6763594774236694,0.378068788986699,0.0683231958292591,0.2593001564336081,0.8215485466850655,-12.230642720632671
180,43,True,177,0.23007507195588545,0.6585846539255762,0.5454964451287516,0.3678055157595403,0.0685781031633119,0.2553194703339746,0.8562911454756281,-6.449951471620121
180,44,True,218,0.06766455789080052,0.8150857851107187,0.3412029123546703,0.2779632717313958,0.03740522395844791,0.25993295437317887,0.7998426117287903,-12.695351410895926
180,45,True,270,0.12578547414461738,0.5180464759738859,0.4313007642905538,0.29592773272285045,0.04042133964075122,0.26350173891470086,0.8539251689199402,-9.838547851648714
180,46,True,263,0.19811501841498064,0.878636551862544,0.8681389583244324,0.4615288040377022,0.06497561082647121,0.24119231050817524,0.7927315555820124,-8.768542672034268
240,42,True,240,0.12718886062665774,0.4523823244610889,0.3599972198267042,0.34516081282709915,0.039596014054810134,0.24767108769329635,0.7088207475445785,4.91784132829495
240,43,True,209,0.0645264259839508,1.3249268969441295,0.2914378929353208,0.2819384835742767,0.05537931742300418,0.2625872858624683,0.820840101628279,-18.089721447107465
240,44,True,239,0.17915748311209753,0.9760805270230584,0.5626367018884737,0.2909535318599735,0.0626757169645114,0.2530451725537653,0.8536355629954487,15.092810214294316
240,45,True,181,0.14889587121341494,0.5550476241261284,0.10635238888701919,0.14291087178633458,0.04643966689013271,0.26563581129062097,0.8492793717920255,-20.776296240634633
240,46,True,313,0.22435416570229721,1.0145757300403129,0.8351456293378517,0.2858135269560622,0.07367376904782462,0.2429189051022792,0.8703189441471876,20.56148875357514
500,42,True,151,0.10893469179562985,0.49824974772155917,0.2875929971487611,0.15846595562951646,0.03589561180304479,0.2582714588119238,0.7802513193460793,-23.855971004906035
500,43,True,190,0.15010811663219262,0.47953029052754176,0.3647027124051562,0.2021824847212077,0.045483368714610437,0.2567065113580171,0.8279708186325159,-23.055830930164994
500,44,True,246,0.09478691034650634,1.2007283635982202,0.1817562764365685,0.22618110800584618,0.05417381224501725,0.2695997494249917,0.8252161051622097,-46.471992352203
500,45,True,166,0.10061371831245709,0.6460675740120891,0.25199332895206594,0.20735216842137966,0.037738459709835546,0.252122869395394,0.7790990389047597,-9.798075553172563
500,46,True,218,0.07926295704014848,0.4373090310083726,0.48437385133251426,0.3509972822904906,0.028339762103850714,0.25953026254215134,0.8010958002969122,-45.32078360890243
1000,42,True,184,0.09655895650129286,0.5497595554607896,0.1257354430093695,0.2215614507616573,0.03442777815274585,0.25944784532109677,0.7257202872412704,-54.40612611895291
1000,43,True,220,0.12973221032300547,0.5947018418072292,0.35580971695836805,0.20923475776551986,0.0428007793374908,0.25296526817643505,0.8025150249902707,-37.806955685113124
1000,44,True,199,0.10361018163682413,0.6844111747143978,0.22024653556427184,0.19197629505091177,0.03934674085292428,0.25825620346589,0.8412784624794374,-55.645137409740826
1000,45,True,196,0.08740115326488228,0.5469970743184647,0.1256262152951259,0.1535889115676902,0.03236765242768905,0.25734593213528945,0.7623438484478083,-66.14124921767305
1000,46,True,176,0.09253215799911592,0.6168037184814225,0.31443981219041245,0.1572796354289927,0.03528810058194517,0.2561951229633226,0.7491947235957861,-39.95624508454283
